quarter,yield_this_quarter
1,224726400000000
2,2.18903738976e+16
3,2.1323194309913185e+18
4,2.0770710345343336e+20
